residueA,residueB,distance
1,1,2.16
1,2,5.51
1,3,7.59
1,4,9.91
1,5,12.95
1,6,15.21
1,7,17.81
1,8,19.33
1,9,19.97
2,1,5.51
2,2,2.16
2,3,5.62
2,4,7.14
2,5,9.41
2,6,12.38
2,7,14.51
2,8,16.47
2,9,18.33
2,10,19.23
2,11,19.56
2,13,19.94
3,1,7.59
3,2,5.62
3,3,2.16
3,4,5.55
3,5,7.28
3,6,9.62
3,7,12.22
3,8,14.16
3,9,16.36
3,10,17.64
3,11,18.39
3,12,18.98
3,13,19.16
3,14,19.42
3,15,19.83
3,16,19.83
3,17,19.91
3,18,19.80
4,1,9.91
4,2,7.14
4,3,5.55
4,4,2.16
4,5,5.52
4,6,7.24
4,7,9.85
4,8,12.07
4,9,14.18
4,10,15.90
4,11,17.03
4,12,17.89
4,13,18.25
4,14,18.64
4,15,19.22
4,16,19.19
4,17,19.56
4,18,19.30
4,19,19.67
4,20,19.66
4,21,19.83
5,1,12.95
5,2,9.41
5,3,7.28
5,4,5.52
5,5,2.16
5,6,5.52
5,7,7.04
5,8,9.47
5,9,11.85
5,10,13.77
5,11,15.48
5,12,16.56
5,13,17.61
5,14,17.97
5,15,18.64
5,16,18.94
5,17,19.34
5,18,19.30
5,19,19.50
5,20,19.50
5,21,19.75
6,1,15.21
6,2,12.38
6,3,9.62
6,4,7.24
6,5,5.52
6,6,2.16
6,7,5.52
6,8,7.18
6,9,9.52
6,10,11.55
6,11,13.20
6,12,14.70
6,13,16.25
6,14,16.84
6,15,18.00
6,16,18.23
6,17,18.70
6,18,18.53
6,19,18.81
6,20,18.94
6,21,19.38
6,22,19.73
6,23,19.98
7,1,17.81
7,2,14.51
7,3,12.22
7,4,9.85
7,5,7.04
7,6,5.52
7,7,2.16
7,8,5.53
7,9,7.17
7,10,9.16
7,11,11.01
7,12,12.92
7,13,14.97
7,14,15.88
7,15,17.48
7,16,17.75
7,17,18.56
7,18,18.11
7,19,18.56
7,20,18.77
7,21,19.03
7,22,19.70
7,23,19.91
8,1,19.33
8,2,16.47
8,3,14.16
8,4,12.07
8,5,9.47
8,6,7.18
8,7,5.53
8,8,2.16
8,9,5.49
8,10,7.27
8,11,9.01
8,12,10.97
8,13,13.24
8,14,14.82
8,15,16.86
8,16,17.09
8,17,18.19
8,18,17.80
8,19,18.50
8,20,18.61
8,21,19.06
8,22,19.83
8,23,19.97
9,1,19.97
9,2,18.33
9,3,16.36
9,4,14.18
9,5,11.85
9,6,9.52
9,7,7.17
9,8,5.49
9,9,2.16
9,10,5.54
9,11,6.86
9,12,9.02
9,13,11.55
9,14,13.34
9,15,15.80
9,16,16.58
9,17,17.75
9,18,17.48
9,19,18.31
9,20,18.58
9,21,18.97
9,22,19.73
10,2,19.23
10,3,17.64
10,4,15.90
10,5,13.77
10,6,11.55
10,7,9.16
10,8,7.27
10,9,5.54
10,10,2.16
10,11,4.61
10,12,7.55
10,13,9.97
10,14,11.84
10,15,14.71
10,16,15.86
10,17,17.38
10,18,17.31
10,19,18.28
10,20,18.59
10,21,19.03
10,22,19.98
11,2,19.56
11,3,18.39
11,4,17.03
11,5,15.48
11,6,13.20
11,7,11.01
11,8,9.01
11,9,6.86
11,10,4.61
11,11,2.16
11,12,4.71
11,13,7.18
11,14,9.40
11,15,12.19
11,16,13.88
11,17,15.61
11,18,16.42
11,19,17.75
11,20,18.34
11,21,18.88
12,3,18.98
12,4,17.89
12,5,16.56
12,6,14.70
12,7,12.92
12,8,10.97
12,9,9.02
12,10,7.55
12,11,4.71
12,12,2.16
12,13,5.57
12,14,7.23
12,15,9.63
12,16,11.65
12,17,13.37
12,18,14.92
12,19,16.25
12,20,17.77
12,21,18.42
12,22,19.70
13,2,19.94
13,3,19.16
13,4,18.25
13,5,17.61
13,6,16.25
13,7,14.97
13,8,13.24
13,9,11.55
13,10,9.97
13,11,7.18
13,12,5.57
13,13,2.16
13,14,5.61
13,15,7.27
13,16,9.23
13,17,11.20
13,18,13.30
13,19,15.15
13,20,17.44
13,21,18.58
14,3,19.42
14,4,18.64
14,5,17.97
14,6,16.84
14,7,15.88
14,8,14.82
14,9,13.34
14,10,11.84
14,11,9.40
14,12,7.23
14,13,5.61
14,14,2.16
14,15,5.45
14,16,7.44
14,17,9.66
14,18,11.49
14,19,13.37
14,20,16.16
14,21,17.67
14,22,19.97
15,3,19.83
15,4,19.22
15,5,18.64
15,6,18.00
15,7,17.48
15,8,16.86
15,9,15.80
15,10,14.71
15,11,12.19
15,12,9.63
15,13,7.27
15,14,5.45
15,15,2.16
15,16,5.45
15,17,6.84
15,18,9.45
15,19,11.21
15,20,14.61
15,21,16.77
15,22,19.23
16,3,19.83
16,4,19.19
16,5,18.94
16,6,18.23
16,7,17.75
16,8,17.09
16,9,16.58
16,10,15.86
16,11,13.88
16,12,11.65
16,13,9.23
16,14,7.44
16,15,5.45
16,16,2.16
16,17,5.55
16,18,7.66
16,19,10.46
16,20,13.34
16,21,16.27
16,22,19.16
17,3,19.91
17,4,19.56
17,5,19.34
17,6,18.70
17,7,18.56
17,8,18.19
17,9,17.75
17,10,17.38
17,11,15.61
17,12,13.37
17,13,11.20
17,14,9.66
17,15,6.84
17,16,5.55
17,17,2.16
17,18,5.64
17,19,7.00
17,20,10.35
17,21,13.30
17,22,15.55
17,23,19.09
18,3,19.80
18,4,19.30
18,5,19.30
18,6,18.53
18,7,18.11
18,8,17.80
18,9,17.48
18,10,17.31
18,11,16.42
18,12,14.92
18,13,13.30
18,14,11.49
18,15,9.45
18,16,7.66
18,17,5.64
18,18,2.16
18,19,5.59
18,20,7.36
18,21,11.10
18,22,13.45
18,23,16.66
18,24,19.11
19,4,19.67
19,5,19.50
19,6,18.81
19,7,18.56
19,8,18.50
19,9,18.31
19,10,18.28
19,11,17.75
19,12,16.25
19,13,15.15
19,14,13.37
19,15,11.21
19,16,10.46
19,17,7.00
19,18,5.59
19,19,2.16
19,20,5.64
19,21,7.68
19,22,9.88
19,23,13.45
19,24,15.38
19,25,18.08
19,26,18.48
19,27,19.19
20,4,19.66
20,5,19.50
20,6,18.94
20,7,18.77
20,8,18.61
20,9,18.58
20,10,18.59
20,11,18.34
20,12,17.77
20,13,17.44
20,14,16.16
20,15,14.61
20,16,13.34
20,17,10.35
20,18,7.36
20,19,5.64
20,20,2.16
20,21,5.59
20,22,7.24
20,23,9.93
20,24,12.62
20,25,14.77
20,26,15.53
20,27,16.72
20,28,18.00
20,29,19.41
21,4,19.83
21,5,19.75
21,6,19.38
21,7,19.03
21,8,19.06
21,9,18.97
21,10,19.03
21,11,18.88
21,12,18.42
21,13,18.58
21,14,17.67
21,15,16.77
21,16,16.27
21,17,13.30
21,18,11.10
21,19,7.68
21,20,5.59
21,21,2.16
21,22,5.73
21,23,7.54
21,24,9.20
21,25,11.92
21,26,13.21
21,27,14.58
21,28,16.42
21,29,18.06
21,30,19.47
22,6,19.73
22,7,19.70
22,8,19.83
22,9,19.73
22,10,19.98
22,12,19.70
22,14,19.97
22,15,19.23
22,16,19.16
22,17,15.55
22,18,13.45
22,19,9.88
22,20,7.24
22,21,5.73
22,22,2.16
22,23,5.53
22,24,7.54
22,25,9.33
22,26,10.04
22,27,11.09
22,28,12.88
22,29,14.58
22,30,16.64
22,31,18.08
22,32,19.72
22,33,18.56
22,34,19.59
23,6,19.98
23,7,19.91
23,8,19.97
23,17,19.09
23,18,16.66
23,19,13.45
23,20,9.93
23,21,7.54
23,22,5.53
23,23,2.16
23,24,5.51
23,25,6.39
23,26,7.75
23,27,9.71
23,28,11.31
23,29,13.37
23,30,15.22
23,31,17.33
23,32,18.84
23,33,18.16
23,34,19.62
24,18,19.11
24,19,15.38
24,20,12.62
24,21,9.20
24,22,7.54
24,23,5.51
24,24,2.16
24,25,5.42
24,26,7.48
24,27,8.97
24,28,10.88
24,29,12.64
24,30,14.51
24,31,16.11
24,32,18.11
24,33,17.48
24,34,18.83
25,19,18.08
25,20,14.77
25,21,11.92
25,22,9.33
25,23,6.39
25,24,5.42
25,25,2.16
25,26,5.42
25,27,7.32
25,28,8.91
25,29,10.98
25,30,12.61
25,31,14.63
25,32,16.52
25,33,15.88
25,34,17.70
25,35,19.59
26,19,18.48
26,20,15.53
26,21,13.21
26,22,10.04
26,23,7.75
26,24,7.48
26,25,5.42
26,26,2.16
26,27,5.65
26,28,6.62
26,29,8.89
26,30,10.77
26,31,13.27
26,32,14.91
26,33,14.03
26,34,16.14
26,35,18.59
27,19,19.19
27,20,16.72
27,21,14.58
27,22,11.09
27,23,9.71
27,24,8.97
27,25,7.32
27,26,5.65
27,27,2.16
27,28,4.63
27,29,6.42
27,30,9.45
27,31,11.57
27,32,13.47
27,33,11.93
27,34,13.92
27,35,16.84
27,36,19.41
28,20,18.00
28,21,16.42
28,22,12.88
28,23,11.31
28,24,10.88
28,25,8.91
28,26,6.62
28,27,4.63
28,28,2.16
28,29,4.78
28,30,7.04
28,31,10.05
28,32,11.36
28,33,9.78
28,34,12.70
28,35,15.27
28,36,18.20
28,37,19.14
29,20,19.41
29,21,18.06
29,22,14.58
29,23,13.37
29,24,12.64
29,25,10.98
29,26,8.89
29,27,6.42
29,28,4.78
29,29,2.16
29,30,5.66
29,31,7.54
29,32,9.09
29,33,7.11
29,34,9.28
29,35,12.68
29,36,15.50
29,37,17.16
29,38,19.73
30,21,19.47
30,22,16.64
30,23,15.22
30,24,14.51
30,25,12.61
30,26,10.77
30,27,9.45
30,28,7.04
30,29,5.66
30,30,2.16
30,31,5.54
30,32,6.01
30,33,6.19
30,34,8.94
30,35,10.55
30,36,14.03
30,37,15.17
30,38,17.78
31,22,18.08
31,23,17.33
31,24,16.11
31,25,14.63
31,26,13.27
31,27,11.57
31,28,10.05
31,29,7.54
31,30,5.54
31,31,2.16
31,32,5.51
31,33,6.76
31,34,6.84
31,35,8.86
31,36,12.41
31,37,14.16
31,38,16.61
31,39,19.48
32,22,19.72
32,23,18.84
32,24,18.11
32,25,16.52
32,26,14.91
32,27,13.47
32,28,11.36
32,29,9.09
32,30,6.01
32,31,5.51
32,32,2.16
32,33,5.54
32,34,7.47
32,35,6.85
32,36,10.44
32,37,11.14
32,38,13.58
32,39,16.81
32,40,18.39
32,113,19.75
33,22,18.56
33,23,18.16
33,24,17.48
33,25,15.88
33,26,14.03
33,27,11.93
33,28,9.78
33,29,7.11
33,30,6.19
33,31,6.76
33,32,5.54
33,33,2.16
33,34,5.21
33,35,7.39
33,36,9.95
33,37,11.44
33,38,14.79
33,39,17.17
33,40,19.02
33,113,19.61
34,22,19.59
34,23,19.62
34,24,18.83
34,25,17.70
34,26,16.14
34,27,13.92
34,28,12.70
34,29,9.28
34,30,8.94
34,31,6.84
34,32,7.47
34,33,5.21
34,34,2.16
34,35,5.63
34,36,7.96
34,37,10.73
34,38,13.84
34,39,16.05
34,40,18.59
34,111,18.95
34,113,18.52
35,25,19.59
35,26,18.59
35,27,16.84
35,28,15.27
35,29,12.68
35,30,10.55
35,31,8.86
35,32,6.85
35,33,7.39
35,34,5.63
35,35,2.16
35,36,5.62
35,37,7.43
35,38,9.67
35,39,12.62
35,40,15.15
35,41,18.02
35,103,19.77
35,106,19.11
35,108,19.16
35,109,18.94
35,110,19.80
35,111,16.62
35,112,17.44
35,113,16.42
35,114,19.67
36,27,19.41
36,28,18.20
36,29,15.50
36,30,14.03
36,31,12.41
36,32,10.44
36,33,9.95
36,34,7.96
36,35,5.62
36,36,2.16
36,37,5.55
36,38,7.65
36,39,9.02
36,40,11.98
36,41,14.90
36,42,16.88
36,43,19.78
36,103,16.84
36,104,19.09
36,105,19.91
36,106,16.94
36,107,18.67
36,108,17.16
36,109,16.62
36,110,16.92
36,111,13.38
36,112,14.13
36,113,12.95
36,114,16.62
36,115,17.70
36,116,19.39
36,117,17.91
37,28,19.14
37,29,17.16
37,30,15.17
37,31,14.16
37,32,11.14
37,33,11.44
37,34,10.73
37,35,7.43
37,36,5.55
37,37,2.16
37,38,5.54
37,39,7.57
37,40,9.03
37,41,12.47
37,42,14.72
37,43,17.19
37,44,19.16
37,45,18.58
37,46,19.22
37,99,19.67
37,100,19.16
37,103,16.09
37,104,17.98
37,105,19.84
37,106,16.92
37,107,19.11
37,108,18.11
37,109,17.22
37,110,17.17
37,111,13.22
37,112,12.88
37,113,12.23
37,114,15.98
37,115,16.38
37,116,18.23
37,117,15.85
37,118,19.56
37,119,18.12
37,120,18.47
38,29,19.73
38,30,17.78
38,31,16.61
38,32,13.58
38,33,14.79
38,34,13.84
38,35,9.67
38,36,7.65
38,37,5.54
38,38,2.16
38,39,5.58
38,40,7.47
38,41,9.54
38,42,12.61
38,43,14.60
38,44,17.44
38,45,16.78
38,46,16.59
38,47,19.78
38,99,18.02
38,100,16.64
38,101,19.27
38,102,18.16
38,103,13.77
38,104,15.16
38,105,17.31
38,106,14.62
38,107,17.17
38,108,16.78
38,109,16.02
38,110,15.25
38,111,11.88
38,112,10.87
38,113,11.50
38,114,15.11
38,115,14.87
38,116,17.45
38,117,14.96
38,118,18.89
38,119,17.45
38,120,18.38
39,31,19.48
39,32,16.81
39,33,17.17
39,34,16.05
39,35,12.62
39,36,9.02
39,37,7.57
39,38,5.58
39,39,2.16
39,40,5.55
39,41,7.22
39,42,9.42
39,43,12.31
39,44,14.72
39,45,13.28
39,46,13.41
39,47,17.23
39,48,18.52
39,49,17.41
39,50,19.36
39,95,19.69
39,96,16.58
39,97,18.25
39,98,18.70
39,99,14.39
39,100,13.23
39,101,16.59
39,102,15.30
39,103,10.62
39,104,12.79
39,105,15.41
39,106,12.75
39,107,15.27
39,108,15.09
39,109,13.60
39,110,12.54
39,111,8.92
39,112,7.39
39,113,8.24
39,114,11.53
39,115,11.20
39,116,13.98
39,117,11.88
39,118,15.93
39,119,15.15
39,120,16.64
40,32,18.39
40,33,19.02
40,34,18.59
40,35,15.15
40,36,11.98
40,37,9.03
40,38,7.47
40,39,5.55
40,40,2.16
40,41,5.71
40,42,7.04
40,43,9.30
40,44,11.27
40,45,11.20
40,46,11.89
40,47,14.70
40,48,16.14
40,49,16.16
40,50,17.98
40,96,16.03
40,97,18.09
40,98,19.50
40,99,15.30
40,100,13.28
40,101,17.33
40,102,17.19
40,103,12.20
40,104,13.77
40,105,17.50
40,106,15.43
40,107,17.92
40,108,18.34
40,109,16.42
40,110,14.91
40,111,11.35
40,112,8.64
40,113,9.73
40,114,12.78
40,115,10.88
40,116,12.90
40,117,9.70
40,118,13.24
40,119,12.08
40,120,13.51
41,35,18.02
41,36,14.90
41,37,12.47
41,38,9.54
41,39,7.22
41,40,5.71
41,41,2.16
41,42,5.73
41,43,6.36
41,44,9.77
41,45,9.20
41,46,7.91
41,47,11.32
41,48,13.59
41,49,12.91
41,50,13.84
41,51,17.08
41,52,18.30
41,53,17.98
41,92,19.09
41,93,17.19
41,94,19.27
41,95,17.80
41,96,13.28
41,97,14.19
41,98,16.34
41,99,12.79
41,100,9.56
41,101,13.30
41,102,14.17
41,103,9.34
41,104,9.83
41,105,14.11
41,106,13.06
41,107,15.72
41,108,16.92
41,109,15.48
41,110,13.09
41,111,10.86
41,112,7.25
41,113,10.41
41,114,12.06
41,115,9.62
41,116,12.51
41,117,10.32
41,118,13.32
41,119,13.11
41,120,15.09
42,36,16.88
42,37,14.72
42,38,12.61
42,39,9.42
42,40,7.04
42,41,5.73
42,42,2.16
42,43,5.92
42,44,6.39
42,45,4.75
42,46,6.43
42,47,9.27
42,48,9.88
42,49,10.09
42,50,12.30
42,51,14.60
42,52,14.99
42,53,15.99
42,54,18.38
42,91,19.83
42,92,15.80
42,93,14.52
42,94,17.33
42,95,15.30
42,96,10.59
42,97,12.66
42,98,15.30
42,99,11.47
42,100,8.90
42,101,13.76
42,102,14.70
42,103,10.48
42,104,11.93
42,105,16.36
42,106,15.70
42,107,17.44
42,108,18.58
42,109,16.45
42,110,13.77
42,111,11.48
42,112,7.40
42,113,9.88
42,114,10.75
42,115,7.25
42,116,8.87
42,117,6.66
42,118,8.98
42,119,9.51
42,120,11.82
43,36,19.78
43,37,17.19
43,38,14.60
43,39,12.31
43,40,9.30
43,41,6.36
43,42,5.92
43,43,2.16
43,44,5.37
43,45,7.33
43,46,5.84
43,47,6.29
43,48,9.78
43,49,10.80
43,50,10.52
43,51,12.65
43,52,15.03
43,53,15.52
43,54,16.41
43,55,18.78
43,92,17.77
43,93,15.38
43,94,18.34
43,95,17.78
43,96,12.73
43,97,13.23
43,98,16.88
43,99,14.48
43,100,10.17
43,101,14.20
43,102,16.59
43,103,12.66
43,104,11.91
43,105,16.80
43,106,16.89
43,107,19.28
43,109,19.09
43,110,16.55
43,111,14.98
43,112,10.70
43,113,14.14
43,114,14.83
43,115,10.91
43,116,12.78
43,117,10.39
43,118,11.31
43,119,11.27
43,120,13.54
44,37,19.16
44,38,17.44
44,39,14.72
44,40,11.27
44,41,9.77
44,42,6.39
44,43,5.37
44,44,2.16
44,45,5.31
44,46,7.33
44,47,5.66
44,48,6.55
44,49,9.75
44,50,10.77
44,51,10.77
44,52,12.71
44,53,14.94
44,54,15.94
44,55,16.73
44,56,19.11
44,89,18.38
44,90,19.81
44,92,15.41
44,93,13.98
44,94,17.88
44,95,16.88
44,96,11.84
44,97,13.79
44,98,17.77
44,99,15.08
44,100,11.83
44,101,16.47
44,102,18.80
44,103,15.22
44,104,15.47
44,110,18.59
44,111,16.81
44,112,12.70
44,113,14.95
44,114,15.20
44,115,10.79
44,116,10.69
44,117,8.33
44,118,7.81
44,119,8.77
44,120,10.66
45,37,18.58
45,38,16.78
45,39,13.28
45,40,11.20
45,41,9.20
45,42,4.75
45,43,7.33
45,44,5.31
45,45,2.16
45,46,5.31
45,47,7.17
45,48,5.71
45,49,6.35
45,50,9.70
45,51,10.84
45,52,10.67
45,53,12.48
45,54,15.12
45,55,15.95
45,56,17.12
45,57,18.28
45,88,19.19
45,89,16.19
45,90,16.78
45,91,16.16
45,92,11.59
45,93,10.41
45,94,14.10
45,95,12.12
45,96,7.27
45,97,10.16
45,98,13.48
45,99,10.49
45,100,8.23
45,101,13.28
45,102,15.00
45,103,11.79
45,104,13.19
45,105,17.55
45,106,17.55
45,107,18.72
45,109,17.86
45,110,14.87
45,111,13.50
45,112,9.98
45,113,11.61
45,114,10.98
45,115,7.25
45,116,7.32
45,117,6.88
45,118,7.20
45,119,9.55
45,120,11.88
46,37,19.22
46,38,16.59
46,39,13.41
46,40,11.89
46,41,7.91
46,42,6.43
46,43,5.84
46,44,7.33
46,45,5.31
46,46,2.16
46,47,5.41
46,48,7.29
46,49,5.64
46,50,6.28
46,51,9.83
46,52,10.90
46,53,10.38
46,54,12.66
46,55,15.14
46,56,16.17
46,57,16.03
46,58,18.78
46,89,16.67
46,90,16.06
46,91,16.58
46,92,13.09
46,93,10.27
46,94,12.80
46,95,12.45
46,96,7.85
46,97,7.67
46,98,11.49
46,99,9.76
46,100,5.32
46,101,9.54
46,102,12.44
46,103,9.64
46,104,9.29
46,105,13.86
46,106,14.84
46,107,16.33
46,108,18.77
46,109,16.92
46,110,13.57
46,111,13.20
46,112,9.34
46,113,12.81
46,114,12.18
46,115,8.35
46,116,11.02
46,117,10.67
46,118,11.40
46,119,13.06
46,120,15.40
47,38,19.78
47,39,17.23
47,40,14.70
47,41,11.32
47,42,9.27
47,43,6.29
47,44,5.66
47,45,7.17
47,46,5.41
47,47,2.16
47,48,5.34
47,49,7.25
47,50,5.71
47,51,6.50
47,52,9.78
47,53,10.70
47,54,10.80
47,55,12.70
47,56,15.18
47,57,15.56
47,58,16.72
47,59,18.97
47,86,19.47
47,89,15.59
47,90,16.44
47,91,17.70
47,92,13.97
47,93,11.23
47,94,14.73
47,95,15.30
47,96,10.72
47,97,10.48
47,98,15.27
47,99,14.22
47,100,10.14
47,101,13.61
47,102,17.28
47,103,14.75
47,104,13.81
47,105,18.33
47,106,19.62
47,110,18.41
47,111,17.95
47,112,13.98
47,113,16.91
47,114,16.36
47,115,12.13
47,116,13.11
47,117,12.27
47,118,11.20
47,119,12.80
47,120,14.85
48,39,18.52
48,40,16.14
48,41,13.59
48,42,9.88
48,43,9.78
48,44,6.55
48,45,5.71
48,46,7.29
48,47,5.34
48,48,2.16
48,49,5.29
48,50,7.29
48,51,5.86
48,52,6.38
48,53,9.60
48,54,10.98
48,55,10.84
48,56,12.79
48,57,14.76
48,58,15.87
48,59,16.69
48,60,18.53
48,85,17.98
48,86,16.42
48,87,18.17
48,88,15.84
48,89,11.95
48,90,13.73
48,91,14.16
48,92,9.71
48,93,8.38
48,94,12.76
48,95,12.31
48,96,8.23
48,97,9.98
48,98,14.34
48,99,13.24
48,100,10.84
48,101,14.77
48,102,17.77
48,103,15.71
48,104,16.14
48,110,18.61
48,111,18.25
48,112,14.81
48,113,16.66
48,114,15.39
48,115,11.05
48,116,10.47
48,117,11.03
48,118,9.20
48,119,11.81
48,120,14.04
49,39,17.41
49,40,16.16
49,41,12.91
49,42,10.09
49,43,10.80
49,44,9.75
49,45,6.35
49,46,5.64
49,47,7.25
49,48,5.29
49,49,2.16
49,50,5.29
49,51,7.37
49,52,5.87
49,53,6.22
49,54,9.79
49,55,11.10
49,56,11.39
49,57,12.15
49,58,14.98
49,59,15.80
49,60,16.14
49,61,18.50
49,85,17.61
49,86,15.00
49,87,15.80
49,88,14.79
49,89,11.27
49,90,10.91
49,91,11.25
49,92,7.77
49,93,4.80
49,94,8.31
49,95,8.15
49,96,4.19
49,97,4.91
49,98,9.22
49,99,8.91
49,100,6.79
49,101,10.12
49,102,13.08
49,103,12.03
49,104,12.62
49,105,16.16
49,106,17.62
49,107,17.98
49,109,18.22
49,110,14.77
49,111,15.38
49,112,12.52
49,113,14.76
49,114,12.63
49,115,9.28
49,116,10.34
49,117,12.03
49,118,11.56
49,119,14.52
49,120,16.88
50,39,19.36
50,40,17.98
50,41,13.84
50,42,12.30
50,43,10.52
50,44,10.77
50,45,9.70
50,46,6.28
50,47,5.71
50,48,7.29
50,49,5.29
50,50,2.16
50,51,5.33
50,52,7.30
50,53,5.61
50,54,6.37
50,55,9.80
50,56,11.02
50,57,10.47
50,58,12.58
50,59,15.18
50,60,15.66
50,61,16.34
50,62,18.80
50,85,18.70
50,86,15.63
50,87,17.38
50,88,17.17
50,89,12.65
50,90,11.97
50,91,14.34
50,92,11.86
50,93,7.91
50,94,10.21
50,95,12.32
50,96,9.03
50,97,6.31
50,98,11.42
50,99,12.47
50,100,8.60
50,101,10.38
50,102,14.71
50,103,13.93
50,104,12.49
50,105,16.20
50,106,18.56
50,107,19.27
50,110,17.27
50,111,18.25
50,112,14.95
50,113,18.16
50,114,16.52
50,115,12.70
50,116,14.73
50,117,15.34
50,118,14.60
50,119,16.91
50,120,19.17
51,41,17.08
51,42,14.60
51,43,12.65
51,44,10.77
51,45,10.84
51,46,9.83
51,47,6.50
51,48,5.86
51,49,7.37
51,50,5.33
51,51,2.16
51,52,5.32
51,53,7.17
51,54,5.84
51,55,6.32
51,56,9.40
51,57,10.70
51,58,10.78
51,59,12.76
51,60,15.10
51,61,15.87
51,62,16.73
51,63,18.98
51,82,18.45
51,83,19.64
51,84,19.88
51,85,15.70
51,86,13.81
51,87,16.59
51,88,15.26
51,89,10.26
51,90,11.81
51,91,14.33
51,92,11.38
51,93,8.65
51,94,12.23
51,95,14.19
51,96,11.15
51,97,10.21
51,98,15.26
51,99,16.02
51,100,12.97
51,101,15.20
51,102,19.36
51,103,18.30
51,104,17.50
51,112,18.44
51,114,19.28
51,115,15.28
51,116,15.61
51,117,16.20
51,118,14.09
51,119,16.62
51,120,18.58
52,41,18.30
52,42,14.99
52,43,15.03
52,44,12.71
52,45,10.67
52,46,10.90
52,47,9.78
52,48,6.38
52,49,5.87
52,50,7.30
52,51,5.32
52,52,2.16
52,53,5.32
52,54,7.43
52,55,5.97
52,56,6.65
52,57,9.42
52,58,10.91
52,59,10.70
52,60,12.41
52,61,15.03
52,62,15.88
52,63,16.97
52,64,18.42
52,81,18.67
52,82,16.05
52,83,16.33
52,84,15.75
52,85,12.28
52,86,10.24
52,87,12.18
52,88,10.48
52,89,6.11
52,90,7.75
52,91,9.35
52,92,6.30
52,93,4.28
52,94,8.52
52,95,9.96
52,96,8.37
52,97,8.50
52,98,12.62
52,99,13.67
52,100,12.33
52,101,14.52
52,102,17.86
52,103,17.52
52,104,17.91
52,110,19.67
52,112,18.12
52,113,19.94
52,114,17.28
52,115,14.14
52,116,13.98
52,117,16.02
52,118,14.02
52,119,17.30
52,120,19.16
53,41,17.98
53,42,15.99
53,43,15.52
53,44,14.94
53,45,12.48
53,46,10.38
53,47,10.70
53,48,9.60
53,49,6.22
53,50,5.61
53,51,7.17
53,52,5.32
53,53,2.16
53,54,5.32
53,55,7.50
53,56,6.46
53,57,6.07
53,58,9.58
53,59,10.93
53,60,10.55
53,61,12.39
53,62,14.98
53,63,16.06
53,64,16.16
53,65,18.55
53,82,16.59
53,83,15.92
53,84,16.77
53,85,14.30
53,86,10.77
53,87,11.93
53,88,12.63
53,89,8.69
53,90,6.55
53,91,9.59
53,92,8.85
53,93,4.66
53,94,5.76
53,95,9.35
53,96,8.55
53,97,5.44
53,98,9.54
53,99,12.31
53,100,10.52
53,101,10.98
53,102,14.80
53,103,15.70
53,104,15.20
53,105,17.58
53,107,19.75
53,110,17.89
53,111,19.80
53,112,17.52
53,114,17.33
53,115,14.55
53,116,16.06
53,117,18.09
53,118,16.91
53,119,19.83
54,42,18.38
54,43,16.41
54,44,15.94
54,45,15.12
54,46,12.66
54,47,10.80
54,48,10.98
54,49,9.79
54,50,6.37
54,51,5.84
54,52,7.43
54,53,5.32
54,54,2.16
54,55,5.31
54,56,6.80
54,57,5.77
54,58,6.34
54,59,9.83
54,60,10.87
54,61,10.56
54,62,12.72
54,63,15.14
54,64,15.59
54,65,16.58
54,66,18.80
54,79,19.89
54,82,15.72
54,83,16.52
54,84,18.14
54,85,14.73
54,86,11.54
54,87,14.47
54,88,14.98
54,89,10.11
54,90,9.58
54,91,13.88
54,92,12.91
54,93,9.20
54,94,10.54
54,95,14.48
54,96,13.01
54,97,9.83
54,98,14.30
54,99,16.88
54,100,14.20
54,101,14.38
54,102,18.97
54,103,19.41
54,104,17.83
54,115,18.16
54,116,19.03
54,118,18.66
55,43,18.78
55,44,16.73
55,45,15.95
55,46,15.14
55,47,12.70
55,48,10.84
55,49,11.10
55,50,9.80
55,51,6.32
55,52,5.97
55,53,7.50
55,54,5.31
55,55,2.16
55,56,4.50
55,57,7.29
55,58,5.76
55,59,6.45
55,60,9.92
55,61,10.92
55,62,10.77
55,63,13.01
55,64,15.08
55,65,15.93
55,66,16.56
55,67,18.78
55,71,19.47
55,78,19.14
55,79,17.36
55,80,18.47
55,81,15.89
55,82,12.29
55,83,14.07
55,84,14.69
55,85,10.32
55,86,8.36
55,87,12.29
55,88,11.48
55,89,6.32
55,90,8.59
55,91,12.44
55,92,11.39
55,93,9.25
55,94,11.71
55,95,14.83
55,96,13.95
55,97,12.55
55,98,16.66
55,99,18.89
55,100,17.05
55,101,18.06
55,115,19.31
55,116,19.14
55,118,18.23
56,44,19.11
56,45,17.12
56,46,16.17
56,47,15.18
56,48,12.79
56,49,11.39
56,50,11.02
56,51,9.40
56,52,6.65
56,53,6.46
56,54,6.80
56,55,4.50
56,56,2.16
56,57,4.95
56,58,5.80
56,59,4.60
56,60,5.96
56,61,8.76
56,62,9.60
56,63,10.33
56,64,11.84
56,65,14.01
56,66,14.48
56,67,15.77
56,68,18.02
56,69,19.95
56,70,19.11
56,71,18.69
56,76,19.81
56,78,17.55
56,79,14.73
56,80,15.51
56,81,13.81
56,82,10.23
56,83,10.43
56,84,11.47
56,85,8.38
56,86,4.86
56,87,8.06
56,88,8.73
56,89,4.44
56,90,4.52
56,91,9.12
56,92,9.77
56,93,8.00
56,94,8.86
56,95,12.62
56,96,13.10
56,97,11.48
56,98,14.51
56,99,17.59
56,100,16.75
56,101,17.00
56,115,19.34
56,116,19.34
56,118,19.66
57,45,18.28
57,46,16.03
57,47,15.56
57,48,14.76
57,49,12.15
57,50,10.47
57,51,10.70
57,52,9.42
57,53,6.07
57,54,5.77
57,55,7.29
57,56,4.95
57,57,2.16
57,58,5.33
57,59,7.30
57,60,5.73
57,61,6.41
57,62,9.79
57,63,10.94
57,64,10.49
57,65,12.66
57,66,14.98
57,67,15.55
57,68,16.53
57,69,19.27
57,70,17.59
57,71,18.17
57,78,19.36
57,79,15.80
57,80,17.52
57,81,16.98
57,82,12.62
57,83,12.02
57,84,14.65
57,85,12.46
57,86,8.39
57,87,10.23
57,88,12.74
57,89,9.18
57,90,6.29
57,91,11.34
57,92,12.67
57,93,9.48
57,94,8.46
57,95,13.55
57,96,14.16
57,97,10.63
57,98,13.36
57,99,17.20
57,100,15.88
57,101,14.99
57,102,18.83
57,104,19.67
57,115,19.91
58,46,18.78
58,47,16.72
58,48,15.87
58,49,14.98
58,50,12.58
58,51,10.78
58,52,10.91
58,53,9.58
58,54,6.34
58,55,5.76
58,56,5.80
58,57,5.33
58,58,2.16
58,59,5.34
58,60,7.37
58,61,5.68
58,62,6.36
58,63,9.43
58,64,10.73
58,65,10.68
58,66,12.67
58,67,15.01
58,68,15.89
58,69,17.41
58,70,15.54
58,71,15.00
58,72,17.95
58,74,19.97
58,75,19.78
58,76,19.70
58,78,16.83
58,79,14.42
58,80,17.06
58,81,15.48
58,82,10.61
58,83,12.12
58,84,14.94
58,85,11.52
58,86,8.70
58,87,12.55
58,88,13.86
58,89,9.81
58,90,9.66
58,91,14.71
58,92,15.27
58,93,12.77
58,94,13.24
58,95,17.80
58,96,17.66
58,97,14.70
58,98,18.23
58,100,19.75
58,101,19.47
59,47,18.97
59,48,16.69
59,49,15.80
59,50,15.18
59,51,12.76
59,52,10.70
59,53,10.93
59,54,9.83
59,55,6.45
59,56,4.60
59,57,7.30
59,58,5.34
59,59,2.16
59,60,5.39
59,61,7.27
59,62,5.79
59,63,6.60
59,64,9.59
59,65,10.75
59,66,10.38
59,67,12.51
59,68,14.95
59,69,16.30
59,70,15.75
59,71,14.52
59,72,16.59
59,73,18.66
59,74,17.69
59,75,16.94
59,76,16.25
59,77,16.45
59,78,13.25
59,79,10.84
59,80,12.40
59,81,10.46
59,82,6.10
59,83,7.87
59,84,9.77
59,85,6.37
59,86,4.04
59,87,8.59
59,88,9.45
59,89,6.69
59,90,7.72
59,91,12.13
59,92,13.54
59,93,12.30
59,94,12.91
59,95,16.69
59,96,17.56
59,97,15.94
59,98,18.77
60,48,18.53
60,49,16.14
60,50,15.66
60,51,15.10
60,52,12.41
60,53,10.55
60,54,10.87
60,55,9.92
60,56,5.96
60,57,5.73
60,58,7.37
60,59,5.39
60,60,2.16
60,61,5.42
60,62,7.45
60,63,6.31
60,64,6.18
60,65,9.76
60,66,10.65
60,67,10.50
60,68,12.57
60,69,15.31
60,70,14.70
60,71,15.27
60,72,17.34
60,73,19.16
60,74,18.06
60,75,17.00
60,76,15.52
60,77,17.20
60,78,14.67
60,79,10.58
60,80,12.16
60,81,12.35
60,82,8.32
60,83,6.42
60,84,10.02
60,85,9.28
60,86,5.18
60,87,6.60
60,88,10.40
60,89,8.96
60,90,6.18
60,91,10.77
60,92,13.73
60,93,12.26
60,94,10.70
60,95,15.21
60,96,17.36
60,97,14.73
60,98,16.38
60,101,19.20
61,49,18.50
61,50,16.34
61,51,15.87
61,52,15.03
61,53,12.39
61,54,10.56
61,55,10.92
61,56,8.76
61,57,6.41
61,58,5.68
61,59,7.27
61,60,5.42
61,61,2.16
61,62,5.34
61,63,6.79
61,64,5.80
61,65,6.40
61,66,9.74
61,67,10.88
61,68,10.77
61,69,13.27
61,70,11.37
61,71,12.46
61,72,15.41
61,73,17.58
61,74,17.41
61,75,17.08
61,76,16.66
61,77,18.44
61,78,15.23
61,79,11.62
61,80,15.01
61,81,15.09
61,82,10.19
61,83,10.19
61,84,14.46
61,85,12.97
61,86,9.59
61,87,11.94
61,88,15.21
61,89,12.73
61,90,10.66
61,91,15.70
61,92,17.89
61,93,15.38
61,94,14.17
61,95,19.11
61,97,16.86
61,98,19.00
62,50,18.80
62,51,16.73
62,52,15.88
62,53,14.98
62,54,12.72
62,55,10.77
62,56,9.60
62,57,9.79
62,58,6.36
62,59,5.79
62,60,7.45
62,61,5.34
62,62,2.16
62,63,4.50
62,64,7.33
62,65,5.66
62,66,6.38
62,67,9.85
62,68,10.87
62,69,11.58
62,70,10.43
62,71,9.52
62,72,11.85
62,73,14.41
62,74,13.85
62,75,13.78
62,76,14.09
62,77,15.05
62,78,11.16
62,79,8.93
62,80,12.62
62,81,11.71
62,82,6.45
62,83,9.18
62,84,12.93
62,85,10.69
62,86,9.00
62,87,12.65
62,88,14.73
62,89,12.48
62,90,12.52
62,91,17.17
62,92,19.03
62,93,17.47
62,94,17.14
63,51,18.98
63,52,16.97
63,53,16.06
63,54,15.14
63,55,13.01
63,56,10.33
63,57,10.94
63,58,9.43
63,59,6.60
63,60,6.31
63,61,6.79
63,62,4.50
63,63,2.16
63,64,4.91
63,65,5.87
63,66,4.51
63,67,6.02
63,68,8.80
63,69,10.12
63,70,10.36
63,71,10.09
63,72,11.55
63,73,13.23
63,74,12.08
63,75,11.25
63,76,10.65
63,77,11.96
63,78,8.90
63,79,5.23
63,80,8.65
63,81,9.11
63,82,4.60
63,83,5.14
63,84,9.80
63,85,9.45
63,86,7.98
63,87,10.19
63,88,13.16
63,89,12.47
63,90,11.78
63,91,15.79
63,92,18.56
63,93,17.66
63,94,16.72
64,52,18.42
64,53,16.16
64,54,15.59
64,55,15.08
64,56,11.84
64,57,10.49
64,58,10.73
64,59,9.59
64,60,6.18
64,61,5.80
64,62,7.33
64,63,4.91
64,64,2.16
64,65,5.35
64,66,7.21
64,67,5.67
64,68,6.39
64,69,9.71
64,70,9.52
64,71,11.22
64,72,13.23
64,73,14.83
64,74,14.07
64,75,13.17
64,76,12.15
64,77,14.85
64,78,12.63
64,79,7.93
64,80,11.12
64,81,13.20
64,82,9.22
64,83,7.22
64,84,12.38
64,85,13.01
64,86,10.25
64,87,10.93
64,88,15.23
64,89,14.76
64,90,12.16
64,91,16.25
64,92,19.77
64,93,18.30
64,94,16.16
65,53,18.55
65,54,16.58
65,55,15.93
65,56,14.01
65,57,12.66
65,58,10.68
65,59,10.75
65,60,9.76
65,61,6.40
65,62,5.66
65,63,5.87
65,64,5.35
65,65,2.16
65,66,5.40
65,67,7.30
65,68,6.01
65,69,7.34
65,70,5.48
65,71,6.88
65,72,9.80
65,73,11.91
65,74,11.95
65,75,12.10
65,76,12.75
65,77,14.97
65,78,11.72
65,79,8.67
65,80,13.34
65,81,14.30
65,82,9.87
65,83,10.62
65,84,15.45
65,85,14.98
65,86,13.02
65,87,15.18
65,88,18.55
65,89,17.03
65,90,15.77
65,94,19.77
66,54,18.80
66,55,16.56
66,56,14.48
66,57,14.98
66,58,12.67
66,59,10.38
66,60,10.65
66,61,9.74
66,62,6.38
66,63,4.51
66,64,7.21
66,65,5.40
66,66,2.16
66,67,5.29
66,68,7.40
66,69,6.77
66,70,7.79
66,71,6.82
66,72,7.47
66,73,9.30
66,74,8.14
66,75,8.10
66,76,8.72
66,77,9.88
66,78,6.47
66,79,4.35
66,80,9.23
66,81,10.04
66,82,6.62
66,83,8.34
66,84,12.58
66,85,12.45
66,86,12.04
66,87,14.30
66,88,16.80
66,89,16.39
66,90,16.25
67,55,18.78
67,56,15.77
67,57,15.55
67,58,15.01
67,59,12.51
67,60,10.50
67,61,10.88
67,62,9.85
67,63,6.02
67,64,5.67
67,65,7.30
67,66,5.29
67,67,2.16
67,68,5.29
67,69,6.88
67,70,9.08
67,71,9.99
67,72,10.51
67,73,11.20
67,74,9.72
67,75,8.40
67,76,7.11
67,77,10.26
67,78,9.04
67,79,4.55
67,80,8.08
67,81,11.30
67,82,9.07
67,83,7.36
67,84,12.01
67,85,13.93
67,86,12.75
67,87,13.05
67,88,16.91
67,89,17.56
67,90,15.96
67,91,19.28
68,56,18.02
68,57,16.53
68,58,15.89
68,59,14.95
68,60,12.57
68,61,10.77
68,62,10.87
68,63,8.80
68,64,6.39
68,65,6.01
68,66,7.40
68,67,5.29
68,68,2.16
68,69,4.60
68,70,5.66
68,71,8.57
68,72,10.15
68,73,10.98
68,74,10.93
68,75,10.66
68,76,10.74
68,77,14.14
68,78,12.33
68,79,8.84
68,80,13.04
68,81,15.84
68,82,12.63
68,83,11.63
68,84,16.64
68,85,17.89
68,86,16.02
68,87,16.73
68,90,18.48
69,56,19.95
69,57,19.27
69,58,17.41
69,59,16.30
69,60,15.31
69,61,13.27
69,62,11.58
69,63,10.12
69,64,9.71
69,65,7.34
69,66,6.77
69,67,6.88
69,68,4.60
69,69,2.16
69,70,4.80
69,71,6.53
69,72,6.86
69,73,7.11
69,74,7.71
69,75,8.19
69,76,9.62
69,77,12.34
69,78,10.50
69,79,8.73
69,80,13.32
69,81,15.60
69,82,12.88
69,83,13.42
69,84,17.86
69,85,18.66
69,86,17.73
69,87,19.17
70,56,19.11
70,57,17.59
70,58,15.54
70,59,15.75
70,60,14.70
70,61,11.37
70,62,10.43
70,63,10.36
70,64,9.52
70,65,5.48
70,66,7.79
70,67,9.08
70,68,5.66
70,69,4.80
70,70,2.16
70,71,5.25
70,72,7.99
70,73,9.53
70,74,10.70
70,75,11.55
70,76,13.07
70,77,15.39
70,78,12.76
70,79,10.87
70,80,15.76
70,81,17.31
70,82,13.72
70,83,14.57
70,84,19.30
70,85,19.23
70,86,17.83
70,87,19.58
71,55,19.47
71,56,18.69
71,57,18.17
71,58,15.00
71,59,14.52
71,60,15.27
71,61,12.46
71,62,9.52
71,63,10.09
71,64,11.22
71,65,6.88
71,66,6.82
71,67,9.99
71,68,8.57
71,69,6.53
71,70,5.25
71,71,2.16
71,72,5.25
71,73,7.93
71,74,8.82
71,75,10.24
71,76,12.41
71,77,13.59
71,78,10.47
71,79,10.12
71,80,14.90
71,81,15.26
71,82,11.98
71,83,14.19
71,84,18.38
71,85,17.55
71,86,17.08
71,87,19.59
72,58,17.95
72,59,16.59
72,60,17.34
72,61,15.41
72,62,11.85
72,63,11.55
72,64,13.23
72,65,9.80
72,66,7.47
72,67,10.51
72,68,10.15
72,69,6.86
72,70,7.99
72,71,5.25
72,72,2.16
72,73,5.46
72,74,6.09
72,75,7.76
72,76,10.78
72,77,11.23
72,78,8.80
72,79,9.77
72,80,13.93
72,81,14.73
72,82,12.61
72,83,14.94
72,84,18.42
72,85,18.17
72,86,18.55
73,59,18.66
73,60,19.16
73,61,17.58
73,62,14.41
73,63,13.23
73,64,14.83
73,65,11.91
73,66,9.30
73,67,11.20
73,68,10.98
73,69,7.11
73,70,9.53
73,71,7.93
73,72,5.46
73,73,2.16
73,74,4.60
73,75,7.10
73,76,10.08
73,77,10.84
73,78,9.12
73,79,10.64
73,80,14.36
73,81,15.62
73,82,14.22
73,83,16.11
73,84,19.45
73,85,19.75
74,58,19.97
74,59,17.69
74,60,18.06
74,61,17.41
74,62,13.85
74,63,12.08
74,64,14.07
74,65,11.95
74,66,8.14
74,67,9.72
74,68,10.93
74,69,7.71
74,70,10.70
74,71,8.82
74,72,6.09
74,73,4.60
74,74,2.16
74,75,3.74
74,76,7.48
74,77,7.81
74,78,6.61
74,79,8.45
74,80,11.62
74,81,12.97
74,82,12.36
74,83,14.07
74,84,16.98
74,85,17.88
74,86,18.64
75,58,19.78
75,59,16.94
75,60,17.00
75,61,17.08
75,62,13.78
75,63,11.25
75,64,13.17
75,65,12.10
75,66,8.10
75,67,8.40
75,68,10.66
75,69,8.19
75,70,11.55
75,71,10.24
75,72,7.76
75,73,7.10
75,74,3.74
75,75,2.16
75,76,4.71
75,77,5.86
75,78,6.02
75,79,7.07
75,80,9.31
75,81,11.46
75,82,11.43
75,83,12.40
75,84,15.04
75,85,16.61
75,86,17.34
75,87,18.52
76,56,19.81
76,58,19.70
76,59,16.25
76,60,15.52
76,61,16.66
76,62,14.09
76,63,10.65
76,64,12.15
76,65,12.75
76,66,8.72
76,67,7.11
76,68,10.74
76,69,9.62
76,70,13.07
76,71,12.41
76,72,10.78
76,73,10.08
76,74,7.48
76,75,4.71
76,76,2.16
76,77,5.49
76,78,7.34
76,79,6.09
76,80,6.74
76,81,10.22
76,82,10.94
76,83,10.45
76,84,12.74
76,85,15.35
76,86,16.03
76,87,16.17
76,88,18.75
77,59,16.45
77,60,17.20
77,61,18.44
77,62,15.05
77,63,11.96
77,64,14.85
77,65,14.97
77,66,9.88
77,67,10.26
77,68,14.14
77,69,12.34
77,70,15.39
77,71,13.59
77,72,11.23
77,73,10.84
77,74,7.81
77,75,5.86
77,76,5.49
77,77,2.16
77,78,5.28
77,79,7.34
77,80,6.73
77,81,8.13
77,82,10.55
77,83,11.45
77,84,12.28
77,85,14.41
77,86,16.16
77,87,16.98
77,88,18.23
78,55,19.14
78,56,17.55
78,57,19.36
78,58,16.83
78,59,13.25
78,60,14.67
78,61,15.23
78,62,11.16
78,63,8.90
78,64,12.63
78,65,11.72
78,66,6.47
78,67,9.04
78,68,12.33
78,69,10.50
78,70,12.76
78,71,10.47
78,72,8.80
78,73,9.12
78,74,6.61
78,75,6.02
78,76,7.34
78,77,5.28
78,78,2.16
78,79,5.34
78,80,7.41
78,81,7.13
78,82,7.45
78,83,10.09
78,84,11.83
78,85,12.34
78,86,13.91
78,87,15.90
78,88,17.11
78,89,17.91
78,90,19.08
79,54,19.89
79,55,17.36
79,56,14.73
79,57,15.80
79,58,14.42
79,59,10.84
79,60,10.58
79,61,11.62
79,62,8.93
79,63,5.23
79,64,7.93
79,65,8.67
79,66,4.35
79,67,4.55
79,68,8.84
79,69,8.73
79,70,10.87
79,71,10.12
79,72,9.77
79,73,10.64
79,74,8.45
79,75,7.07
79,76,6.09
79,77,7.34
79,78,5.34
79,79,2.16
79,80,5.43
79,81,7.45
79,82,5.77
79,83,6.09
79,84,9.73
79,85,10.95
79,86,11.12
79,87,12.34
79,88,14.97
79,89,15.75
79,90,15.50
79,91,18.50
80,55,18.47
80,56,15.51
80,57,17.52
80,58,17.06
80,59,12.40
80,60,12.16
80,61,15.01
80,62,12.62
80,63,8.65
80,64,11.12
80,65,13.34
80,66,9.23
80,67,8.08
80,68,13.04
80,69,13.32
80,70,15.76
80,71,14.90
80,72,13.93
80,73,14.36
80,74,11.62
80,75,9.31
80,76,6.74
80,77,6.73
80,78,7.41
80,79,5.43
80,80,2.16
80,81,5.29
80,82,7.33
80,83,5.67
80,84,6.39
80,85,9.83
80,86,10.99
80,87,10.76
80,88,12.65
80,89,15.19
80,90,15.34
80,91,16.94
81,52,18.67
81,55,15.89
81,56,13.81
81,57,16.98
81,58,15.48
81,59,10.46
81,60,12.35
81,61,15.09
81,62,11.71
81,63,9.11
81,64,13.20
81,65,14.30
81,66,10.04
81,67,11.30
81,68,15.84
81,69,15.60
81,70,17.31
81,71,15.26
81,72,14.73
81,73,15.62
81,74,12.97
81,75,11.46
81,76,10.22
81,77,8.13
81,78,7.13
81,79,7.45
81,80,5.29
81,81,2.16
81,82,5.38
81,83,7.27
81,84,5.82
81,85,6.54
81,86,9.42
81,87,11.02
81,88,10.76
81,89,12.79
81,90,14.66
81,91,16.34
81,92,18.67
81,93,19.86
82,51,18.45
82,52,16.05
82,53,16.59
82,54,15.72
82,55,12.29
82,56,10.23
82,57,12.62
82,58,10.61
82,59,6.10
82,60,8.32
82,61,10.19
82,62,6.45
82,63,4.60
82,64,9.22
82,65,9.87
82,66,6.62
82,67,9.07
82,68,12.63
82,69,12.88
82,70,13.72
82,71,11.98
82,72,12.61
82,73,14.22
82,74,12.36
82,75,11.43
82,76,10.94
82,77,10.55
82,78,7.45
82,79,5.77
82,80,7.33
82,81,5.38
82,82,2.16
82,83,5.35
82,84,7.41
82,85,6.01
82,86,6.77
82,87,9.84
82,88,10.91
82,89,10.76
82,90,11.98
82,91,15.19
82,92,17.55
82,93,17.44
82,94,17.45
83,51,19.64
83,52,16.33
83,53,15.92
83,54,16.52
83,55,14.07
83,56,10.43
83,57,12.02
83,58,12.12
83,59,7.87
83,60,6.42
83,61,10.19
83,62,9.18
83,63,5.14
83,64,7.22
83,65,10.62
83,66,8.34
83,67,7.36
83,68,11.63
83,69,13.42
83,70,14.57
83,71,14.19
83,72,14.94
83,73,16.11
83,74,14.07
83,75,12.40
83,76,10.45
83,77,11.45
83,78,10.09
83,79,6.09
83,80,5.67
83,81,7.27
83,82,5.35
83,83,2.16
83,84,5.32
83,85,7.42
83,86,6.28
83,87,6.34
83,88,9.67
83,89,11.07
83,90,10.16
83,91,12.65
83,92,16.19
83,93,16.34
83,94,15.17
83,95,18.56
83,97,19.98
84,51,19.88
84,52,15.75
84,53,16.77
84,54,18.14
84,55,14.69
84,56,11.47
84,57,14.65
84,58,14.94
84,59,9.77
84,60,10.02
84,61,14.46
84,62,12.93
84,63,9.80
84,64,12.38
84,65,15.45
84,66,12.58
84,67,12.01
84,68,16.64
84,69,17.86
84,70,19.30
84,71,18.38
84,72,18.42
84,73,19.45
84,74,16.98
84,75,15.04
84,76,12.74
84,77,12.28
84,78,11.83
84,79,9.73
84,80,6.39
84,81,5.82
84,82,7.41
84,83,5.32
84,84,2.16
84,85,5.33
84,86,6.74
84,87,6.00
84,88,6.38
84,89,9.90
84,90,10.70
84,91,11.29
84,92,14.41
84,93,15.96
84,94,15.59
84,95,17.50
85,48,17.98
85,49,17.61
85,50,18.70
85,51,15.70
85,52,12.28
85,53,14.30
85,54,14.73
85,55,10.32
85,56,8.38
85,57,12.46
85,58,11.52
85,59,6.37
85,60,9.28
85,61,12.97
85,62,10.69
85,63,9.45
85,64,13.01
85,65,14.98
85,66,12.45
85,67,13.93
85,68,17.89
85,69,18.66
85,70,19.23
85,71,17.55
85,72,18.17
85,73,19.75
85,74,17.88
85,75,16.61
85,76,15.35
85,77,14.41
85,78,12.34
85,79,10.95
85,80,9.83
85,81,6.54
85,82,6.01
85,83,7.42
85,84,5.33
85,85,2.16
85,86,4.52
85,87,7.43
85,88,5.64
85,89,6.39
85,90,9.37
85,91,11.15
85,92,12.55
85,93,13.66
85,94,14.77
85,95,16.88
85,96,18.52
85,97,18.61
86,47,19.47
86,48,16.42
86,49,15.00
86,50,15.63
86,51,13.81
86,52,10.24
86,53,10.77
86,54,11.54
86,55,8.36
86,56,4.86
86,57,8.39
86,58,8.70
86,59,4.04
86,60,5.18
86,61,9.59
86,62,9.00
86,63,7.98
86,64,10.25
86,65,13.02
86,66,12.04
86,67,12.75
86,68,16.02
86,69,17.73
86,70,17.83
86,71,17.08
86,72,18.55
86,74,18.64
86,75,17.34
86,76,16.03
86,77,16.16
86,78,13.91
86,79,11.12
86,80,10.99
86,81,9.42
86,82,6.77
86,83,6.28
86,84,6.74
86,85,4.52
86,86,2.16
86,87,4.95
86,88,5.84
86,89,4.89
86,90,5.49
86,91,8.77
86,92,10.98
86,93,10.77
86,94,11.02
86,95,14.17
86,96,16.00
86,97,15.09
86,98,17.17
87,48,18.17
87,49,15.80
87,50,17.38
87,51,16.59
87,52,12.18
87,53,11.93
87,54,14.47
87,55,12.29
87,56,8.06
87,57,10.23
87,58,12.55
87,59,8.59
87,60,6.60
87,61,11.94
87,62,12.65
87,63,10.19
87,64,10.93
87,65,15.18
87,66,14.30
87,67,13.05
87,68,16.73
87,69,19.17
87,70,19.58
87,71,19.59
87,75,18.52
87,76,16.17
87,77,16.98
87,78,15.90
87,79,12.34
87,80,10.76
87,81,11.02
87,82,9.84
87,83,6.34
87,84,6.00
87,85,7.43
87,86,4.95
87,87,2.16
87,88,5.38
87,89,7.49
87,90,5.48
87,91,6.41
87,92,10.56
87,93,11.15
87,94,9.90
87,95,12.48
87,96,15.69
87,97,15.02
87,98,15.63
87,99,18.92
87,101,19.91
88,45,19.19
88,48,15.84
88,49,14.79
88,50,17.17
88,51,15.26
88,52,10.48
88,53,12.63
88,54,14.98
88,55,11.48
88,56,8.73
88,57,12.74
88,58,13.86
88,59,9.45
88,60,10.40
88,61,15.21
88,62,14.73
88,63,13.16
88,64,15.23
88,65,18.55
88,66,16.80
88,67,16.91
88,76,18.75
88,77,18.23
88,78,17.11
88,79,14.97
88,80,12.65
88,81,10.76
88,82,10.91
88,83,9.67
88,84,6.38
88,85,5.64
88,86,5.84
88,87,5.38
88,88,2.16
88,89,5.32
88,90,7.22
88,91,6.37
88,92,8.25
88,93,10.43
88,94,11.31
88,95,12.28
88,96,14.73
88,97,15.56
88,98,16.91
88,99,18.97
88,116,19.16
89,44,18.38
89,45,16.19
89,46,16.67
89,47,15.59
89,48,11.95
89,49,11.27
89,50,12.65
89,51,10.26
89,52,6.11
89,53,8.69
89,54,10.11
89,55,6.32
89,56,4.44
89,57,9.18
89,58,9.81
89,59,6.69
89,60,8.96
89,61,12.73
89,62,12.48
89,63,12.47
89,64,14.76
89,65,17.03
89,66,16.39
89,67,17.56
89,78,17.91
89,79,15.75
89,80,15.19
89,81,12.79
89,82,10.76
89,83,11.07
89,84,9.90
89,85,6.39
89,86,4.89
89,87,7.49
89,88,5.32
89,89,2.16
89,90,5.41
89,91,7.46
89,92,7.21
89,93,7.54
89,94,9.66
89,95,11.71
89,96,12.38
89,97,12.59
89,98,15.35
89,99,17.45
89,100,17.33
89,101,18.52
89,115,18.66
89,116,17.91
89,118,18.03
90,44,19.81
90,45,16.78
90,46,16.06
90,47,16.44
90,48,13.73
90,49,10.91
90,50,11.97
90,51,11.81
90,52,7.75
90,53,6.55
90,54,9.58
90,55,8.59
90,56,4.52
90,57,6.29
90,58,9.66
90,59,7.72
90,60,6.18
90,61,10.66
90,62,12.52
90,63,11.78
90,64,12.16
90,65,15.77
90,66,16.25
90,67,15.96
90,68,18.48
90,78,19.08
90,79,15.50
90,80,15.34
90,81,14.66
90,82,11.98
90,83,10.16
90,84,10.70
90,85,9.37
90,86,5.49
90,87,5.48
90,88,7.22
90,89,5.41
90,90,2.16
90,91,5.28
90,92,7.77
90,93,6.49
90,94,5.64
90,95,9.34
90,96,11.43
90,97,9.97
90,98,11.62
90,99,15.02
90,100,15.26
90,101,15.34
90,102,18.03
90,103,19.83
90,114,19.73
90,115,18.14
90,116,18.41
90,118,19.66
91,42,19.83
91,45,16.16
91,46,16.58
91,47,17.70
91,48,14.16
91,49,11.25
91,50,14.34
91,51,14.33
91,52,9.35
91,53,9.59
91,54,13.88
91,55,12.44
91,56,9.12
91,57,11.34
91,58,14.71
91,59,12.13
91,60,10.77
91,61,15.70
91,62,17.17
91,63,15.79
91,64,16.25
91,67,19.28
91,79,18.50
91,80,16.94
91,81,16.34
91,82,15.19
91,83,12.65
91,84,11.29
91,85,11.15
91,86,8.77
91,87,6.41
91,88,6.37
91,89,7.46
91,90,5.28
91,91,2.16
91,92,5.31
91,93,6.69
91,94,6.05
91,95,6.43
91,96,10.02
91,97,10.78
91,98,10.84
91,99,13.11
91,100,15.16
91,101,15.82
91,102,17.19
91,103,18.91
91,110,19.27
91,114,17.44
91,115,16.77
91,116,16.34
91,117,19.69
91,118,18.66
92,41,19.09
92,42,15.80
92,43,17.77
92,44,15.41
92,45,11.59
92,46,13.09
92,47,13.97
92,48,9.71
92,49,7.77
92,50,11.86
92,51,11.38
92,52,6.30
92,53,8.85
92,54,12.91
92,55,11.39
92,56,9.77
92,57,12.67
92,58,15.27
92,59,13.54
92,60,13.73
92,61,17.89
92,62,19.03
92,63,18.56
92,64,19.77
92,81,18.67
92,82,17.55
92,83,16.19
92,84,14.41
92,85,12.55
92,86,10.98
92,87,10.56
92,88,8.25
92,89,7.21
92,90,7.77
92,91,5.31
92,92,2.16
92,93,4.50
92,94,7.36
92,95,5.76
92,96,6.65
92,97,9.41
92,98,11.09
92,99,11.55
92,100,12.80
92,101,14.99
92,102,16.62
92,103,16.92
92,104,18.80
92,110,18.08
92,111,18.98
92,112,17.67
92,113,18.12
92,114,15.02
92,115,13.19
92,116,12.20
92,117,15.52
92,118,14.15
92,119,17.61
92,120,19.42
93,41,17.19
93,42,14.52
93,43,15.38
93,44,13.98
93,45,10.41
93,46,10.27
93,47,11.23
93,48,8.38
93,49,4.80
93,50,7.91
93,51,8.65
93,52,4.28
93,53,4.66
93,54,9.20
93,55,9.25
93,56,8.00
93,57,9.48
93,58,12.77
93,59,12.30
93,60,12.26
93,61,15.38
93,62,17.47
93,63,17.66
93,64,18.30
93,81,19.86
93,82,17.44
93,83,16.34
93,84,15.96
93,85,13.66
93,86,10.77
93,87,11.15
93,88,10.43
93,89,7.54
93,90,6.49
93,91,6.69
93,92,4.50
93,93,2.16
93,94,4.88
93,95,5.83
93,96,5.41
93,97,5.57
93,98,8.72
93,99,10.16
93,100,9.86
93,101,11.64
93,102,14.26
93,103,14.72
93,104,15.78
93,105,18.39
93,107,19.42
93,109,19.61
93,110,16.73
93,111,18.00
93,112,16.16
93,113,17.67
93,114,14.83
93,115,12.59
93,116,12.72
93,117,15.49
93,118,14.41
93,119,17.73
93,120,19.72
94,41,19.27
94,42,17.33
94,43,18.34
94,44,17.88
94,45,14.10
94,46,12.80
94,47,14.73
94,48,12.76
94,49,8.31
94,50,10.21
94,51,12.23
94,52,8.52
94,53,5.76
94,54,10.54
94,55,11.71
94,56,8.86
94,57,8.46
94,58,13.24
94,59,12.91
94,60,10.70
94,61,14.17
94,62,17.14
94,63,16.72
94,64,16.16
94,65,19.77
94,82,17.45
94,83,15.17
94,84,15.59
94,85,14.77
94,86,11.02
94,87,9.90
94,88,11.31
94,89,9.66
94,90,5.64
94,91,6.05
94,92,7.36
94,93,4.88
94,94,2.16
94,95,5.31
94,96,7.67
94,97,5.68
94,98,6.12
94,99,9.87
94,100,10.63
94,101,10.23
94,102,12.50
94,103,14.73
94,104,15.53
94,105,16.77
94,106,19.12
94,107,17.83
94,109,18.69
94,110,15.83
94,111,18.38
94,112,17.27
94,113,18.86
94,114,15.77
94,115,14.54
94,116,15.83
94,117,18.77
94,118,18.25
95,39,19.69
95,41,17.80
95,42,15.30
95,43,17.78
95,44,16.88
95,45,12.12
95,46,12.45
95,47,15.30
95,48,12.31
95,49,8.15
95,50,12.32
95,51,14.19
95,52,9.96
95,53,9.35
95,54,14.48
95,55,14.83
95,56,12.62
95,57,13.55
95,58,17.80
95,59,16.69
95,60,15.21
95,61,19.11
95,83,18.56
95,84,17.50
95,85,16.88
95,86,14.17
95,87,12.48
95,88,12.28
95,89,11.71
95,90,9.34
95,91,6.43
95,92,5.76
95,93,5.83
95,94,5.31
95,95,2.16
95,96,5.17
95,97,7.28
95,98,6.25
95,99,6.91
95,100,9.78
95,101,11.09
95,102,11.55
95,103,12.89
95,104,15.37
95,105,16.81
95,106,18.06
95,107,16.67
95,108,18.55
95,109,15.76
95,110,13.48
95,111,15.25
95,112,14.77
95,113,15.33
95,114,11.89
95,115,11.66
95,116,12.20
95,117,15.80
95,118,15.95
95,119,19.12
96,39,16.58
96,40,16.03
96,41,13.28
96,42,10.59
96,43,12.73
96,44,11.84
96,45,7.27
96,46,7.85
96,47,10.72
96,48,8.23
96,49,4.19
96,50,9.03
96,51,11.15
96,52,8.37
96,53,8.55
96,54,13.01
96,55,13.95
96,56,13.10
96,57,14.16
96,58,17.66
96,59,17.56
96,60,17.36
96,85,18.52
96,86,16.00
96,87,15.69
96,88,14.73
96,89,12.38
96,90,11.43
96,91,10.02
96,92,6.65
96,93,5.41
96,94,7.67
96,95,5.17
96,96,2.16
96,97,5.43
96,98,7.40
96,99,5.81
96,100,6.30
96,101,9.74
96,102,11.16
96,103,10.43
96,104,12.63
96,105,15.48
96,106,16.45
96,107,16.28
96,108,18.12
96,109,15.65
96,110,12.69
96,111,13.23
96,112,11.65
96,113,12.75
96,114,10.54
96,115,8.46
96,116,9.91
96,117,12.00
96,118,12.15
96,119,15.23
96,120,17.36
97,39,18.25
97,40,18.09
97,41,14.19
97,42,12.66
97,43,13.23
97,44,13.79
97,45,10.16
97,46,7.67
97,47,10.48
97,48,9.98
97,49,4.91
97,50,6.31
97,51,10.21
97,52,8.50
97,53,5.44
97,54,9.83
97,55,12.55
97,56,11.48
97,57,10.63
97,58,14.70
97,59,15.94
97,60,14.73
97,61,16.86
97,83,19.98
97,85,18.61
97,86,15.09
97,87,15.02
97,88,15.56
97,89,12.59
97,90,9.97
97,91,10.78
97,92,9.41
97,93,5.57
97,94,5.68
97,95,7.28
97,96,5.43
97,97,2.16
97,98,5.33
97,99,7.27
97,100,5.63
97,101,6.28
97,102,9.72
97,103,10.47
97,104,10.55
97,105,12.94
97,106,15.34
97,107,15.21
97,108,18.23
97,109,16.33
97,110,13.01
97,111,14.87
97,112,12.89
97,113,15.60
97,114,13.20
97,115,10.88
97,116,13.35
97,117,15.47
97,118,15.57
97,119,18.30
98,39,18.70
98,40,19.50
98,41,16.34
98,42,15.30
98,43,16.88
98,44,17.77
98,45,13.48
98,46,11.49
98,47,15.27
98,48,14.34
98,49,9.22
98,50,11.42
98,51,15.26
98,52,12.62
98,53,9.54
98,54,14.30
98,55,16.66
98,56,14.51
98,57,13.36
98,58,18.23
98,59,18.77
98,60,16.38
98,61,19.00
98,86,17.17
98,87,15.63
98,88,16.91
98,89,15.35
98,90,11.62
98,91,10.84
98,92,11.09
98,93,8.72
98,94,6.12
98,95,6.25
98,96,7.40
98,97,5.33
98,98,2.16
98,99,5.41
98,100,7.25
98,101,5.81
98,102,6.59
98,103,9.47
98,104,10.85
98,105,11.41
98,106,13.39
98,107,12.16
98,108,15.02
98,109,13.20
98,110,10.52
98,111,13.49
98,112,13.24
98,113,14.98
98,114,12.15
98,115,12.02
98,116,14.81
98,117,17.59
98,118,18.41
99,37,19.67
99,38,18.02
99,39,14.39
99,40,15.30
99,41,12.79
99,42,11.47
99,43,14.48
99,44,15.08
99,45,10.49
99,46,9.76
99,47,14.22
99,48,13.24
99,49,8.91
99,50,12.47
99,51,16.02
99,52,13.67
99,53,12.31
99,54,16.88
99,55,18.89
99,56,17.59
99,57,17.20
99,87,18.92
99,88,18.97
99,89,17.45
99,90,15.02
99,91,13.11
99,92,11.55
99,93,10.16
99,94,9.87
99,95,6.91
99,96,5.81
99,97,7.27
99,98,5.41
99,99,2.16
99,100,5.34
99,101,7.29
99,102,6.08
99,103,6.16
99,104,9.79
99,105,11.27
99,106,11.57
99,107,11.14
99,108,12.87
99,109,10.39
99,110,7.88
99,111,9.18
99,112,9.09
99,113,10.27
99,114,7.85
99,115,8.05
99,116,11.22
99,117,13.56
99,118,15.48
99,119,17.78
99,120,19.72
100,37,19.16
100,38,16.64
100,39,13.23
100,40,13.28
100,41,9.56
100,42,8.90
100,43,10.17
100,44,11.83
100,45,8.23
100,46,5.32
100,47,10.14
100,48,10.84
100,49,6.79
100,50,8.60
100,51,12.97
100,52,12.33
100,53,10.52
100,54,14.20
100,55,17.05
100,56,16.75
100,57,15.88
100,58,19.75
100,89,17.33
100,90,15.26
100,91,15.16
100,92,12.80
100,93,9.86
100,94,10.63
100,95,9.78
100,96,6.30
100,97,5.63
100,98,7.25
100,99,5.34
100,100,2.16
100,101,5.31
100,102,7.45
100,103,5.64
100,104,6.52
100,105,10.10
100,106,11.27
100,107,12.18
100,108,14.74
100,109,12.98
100,110,9.66
100,111,10.27
100,112,8.05
100,113,11.12
100,114,10.06
100,115,7.68
100,116,11.45
100,117,12.62
100,118,14.16
100,119,16.14
100,120,18.53
101,38,19.27
101,39,16.59
101,40,17.33
101,41,13.30
101,42,13.76
101,43,14.20
101,44,16.47
101,45,13.28
101,46,9.54
101,47,13.61
101,48,14.77
101,49,10.12
101,50,10.38
101,51,15.20
101,52,14.52
101,53,10.98
101,54,14.38
101,55,18.06
101,56,17.00
101,57,14.99
101,58,19.47
101,60,19.20
101,87,19.91
101,89,18.52
101,90,15.34
101,91,15.82
101,92,14.99
101,93,11.64
101,94,10.23
101,95,11.09
101,96,9.74
101,97,6.28
101,98,5.81
101,99,7.29
101,100,5.31
101,101,2.16
101,102,5.25
101,103,7.15
101,104,6.04
101,105,7.11
101,106,10.02
101,107,10.20
101,108,13.95
101,109,13.01
101,110,10.08
101,111,12.49
101,112,11.46
101,113,14.74
101,114,13.01
101,115,12.06
101,116,16.06
101,117,17.48
101,118,18.84
102,38,18.16
102,39,15.30
102,40,17.19
102,41,14.17
102,42,14.70
102,43,16.59
102,44,18.80
102,45,15.00
102,46,12.44
102,47,17.28
102,48,17.77
102,49,13.08
102,50,14.71
102,51,19.36
102,52,17.86
102,53,14.80
102,54,18.97
102,57,18.83
102,90,18.03
102,91,17.19
102,92,16.62
102,93,14.26
102,94,12.50
102,95,11.55
102,96,11.16
102,97,9.72
102,98,6.59
102,99,6.08
102,100,7.45
102,101,5.25
102,102,2.16
102,103,5.44
102,104,7.31
102,105,6.23
102,106,7.43
102,107,6.21
102,108,9.59
102,109,8.80
102,110,6.16
102,111,9.66
102,112,10.61
102,113,12.83
102,114,11.08
102,115,11.98
102,116,16.20
102,117,17.89
103,35,19.77
103,36,16.84
103,37,16.09
103,38,13.77
103,39,10.62
103,40,12.20
103,41,9.34
103,42,10.48
103,43,12.66
103,44,15.22
103,45,11.79
103,46,9.64
103,47,14.75
103,48,15.71
103,49,12.03
103,50,13.93
103,51,18.30
103,52,17.52
103,53,15.70
103,54,19.41
103,90,19.83
103,91,18.91
103,92,16.92
103,93,14.72
103,94,14.73
103,95,12.89
103,96,10.43
103,97,10.47
103,98,9.47
103,99,6.16
103,100,5.64
103,101,7.15
103,102,5.44
103,103,2.16
103,104,5.32
103,105,7.45
103,106,6.79
103,107,8.06
103,108,10.07
103,109,8.88
103,110,6.00
103,111,6.65
103,112,6.09
103,113,9.04
103,114,8.74
103,115,8.93
103,116,13.31
103,117,14.07
103,118,16.70
103,119,18.08
103,120,19.84
104,36,19.09
104,37,17.98
104,38,15.16
104,39,12.79
104,40,13.77
104,41,9.83
104,42,11.93
104,43,11.91
104,44,15.47
104,45,13.19
104,46,9.29
104,47,13.81
104,48,16.14
104,49,12.62
104,50,12.49
104,51,17.50
104,52,17.91
104,53,15.20
104,54,17.83
104,57,19.67
104,92,18.80
104,93,15.78
104,94,15.53
104,95,15.37
104,96,12.63
104,97,10.55
104,98,10.85
104,99,9.79
104,100,6.52
104,101,6.04
104,102,7.31
104,103,5.32
104,104,2.16
104,105,5.32
104,106,6.93
104,107,9.41
104,108,12.71
104,109,12.36
104,110,9.64
104,111,10.65
104,112,9.05
104,113,13.09
104,114,12.98
104,115,11.73
104,116,16.36
104,117,16.52
104,118,18.67
104,119,19.44
105,36,19.91
105,37,19.84
105,38,17.31
105,39,15.41
105,40,17.50
105,41,14.11
105,42,16.36
105,43,16.80
105,45,17.55
105,46,13.86
105,47,18.33
105,49,16.16
105,50,16.20
105,53,17.58
105,93,18.39
105,94,16.77
105,95,16.81
105,96,15.48
105,97,12.94
105,98,11.41
105,99,11.27
105,100,10.10
105,101,7.11
105,102,6.23
105,103,7.45
105,104,5.32
105,105,2.16
105,106,4.71
105,107,6.27
105,108,10.16
105,109,11.16
105,110,9.38
105,111,11.87
105,112,11.97
105,113,15.38
105,114,14.72
105,115,14.91
105,116,19.59
106,35,19.11
106,36,16.94
106,37,16.92
106,38,14.62
106,39,12.75
106,40,15.43
106,41,13.06
106,42,15.70
106,43,16.89
106,45,17.55
106,46,14.84
106,47,19.62
106,49,17.62
106,50,18.56
106,94,19.12
106,95,18.06
106,96,16.45
106,97,15.34
106,98,13.39
106,99,11.57
106,100,11.27
106,101,10.02
106,102,7.43
106,103,6.79
106,104,6.93
106,105,4.71
106,106,2.16
106,107,4.81
106,108,7.27
106,109,8.53
106,110,7.66
106,111,9.16
106,112,10.40
106,113,12.90
106,114,13.23
106,115,14.17
106,116,18.92
106,117,19.33
107,36,18.67
107,37,19.11
107,38,17.17
107,39,15.27
107,40,17.92
107,41,15.72
107,42,17.44
107,43,19.28
107,45,18.72
107,46,16.33
107,49,17.98
107,50,19.27
107,53,19.75
107,93,19.42
107,94,17.83
107,95,16.67
107,96,16.28
107,97,15.21
107,98,12.16
107,99,11.14
107,100,12.18
107,101,10.20
107,102,6.21
107,103,8.06
107,104,9.41
107,105,6.27
107,106,4.81
107,107,2.16
107,108,5.41
107,109,6.47
107,110,6.57
107,111,9.79
107,112,12.05
107,113,13.84
107,114,13.09
107,115,14.92
107,116,19.09
108,35,19.16
108,36,17.16
108,37,18.11
108,38,16.78
108,39,15.09
108,40,18.34
108,41,16.92
108,42,18.58
108,46,18.77
108,95,18.55
108,96,18.12
108,97,18.23
108,98,15.02
108,99,12.87
108,100,14.74
108,101,13.95
108,102,9.59
108,103,10.07
108,104,12.71
108,105,10.16
108,106,7.27
108,107,5.41
108,108,2.16
108,109,4.60
108,110,7.19
108,111,9.24
108,112,12.73
108,113,13.42
108,114,13.34
108,115,15.98
108,116,19.72
109,35,18.94
109,36,16.62
109,37,17.22
109,38,16.02
109,39,13.60
109,40,16.42
109,41,15.48
109,42,16.45
109,43,19.09
109,45,17.86
109,46,16.92
109,49,18.22
109,93,19.61
109,94,18.69
109,95,15.76
109,96,15.65
109,97,16.33
109,98,13.20
109,99,10.39
109,100,12.98
109,101,13.01
109,102,8.80
109,103,8.88
109,104,12.36
109,105,11.16
109,106,8.53
109,107,6.47
109,108,4.60
109,109,2.16
109,110,4.69
109,111,6.63
109,112,10.52
109,113,10.48
109,114,9.98
109,115,12.96
109,116,16.92
109,117,18.28
110,35,19.80
110,36,16.92
110,37,17.17
110,38,15.25
110,39,12.54
110,40,14.91
110,41,13.09
110,42,13.77
110,43,16.55
110,44,18.59
110,45,14.87
110,46,13.57
110,47,18.41
110,48,18.61
110,49,14.77
110,50,17.27
110,52,19.67
110,53,17.89
110,91,19.27
110,92,18.08
110,93,16.73
110,94,15.83
110,95,13.48
110,96,12.69
110,97,13.01
110,98,10.52
110,99,7.88
110,100,9.66
110,101,10.08
110,102,6.16
110,103,6.00
110,104,9.64
110,105,9.38
110,106,7.66
110,107,6.57
110,108,7.19
110,109,4.69
110,110,2.16
110,111,5.60
110,112,8.22
110,113,9.40
110,114,8.26
110,115,10.39
110,116,14.55
110,117,16.00
110,118,19.09
111,34,18.95
111,35,16.62
111,36,13.38
111,37,13.22
111,38,11.88
111,39,8.92
111,40,11.35
111,41,10.86
111,42,11.48
111,43,14.98
111,44,16.81
111,45,13.50
111,46,13.20
111,47,17.95
111,48,18.25
111,49,15.38
111,50,18.25
111,53,19.80
111,92,18.98
111,93,18.00
111,94,18.38
111,95,15.25
111,96,13.23
111,97,14.87
111,98,13.49
111,99,9.18
111,100,10.27
111,101,12.49
111,102,9.66
111,103,6.65
111,104,10.65
111,105,11.87
111,106,9.16
111,107,9.79
111,108,9.24
111,109,6.63
111,110,5.60
111,111,2.16
111,112,5.41
111,113,5.36
111,114,6.51
111,115,8.61
111,116,12.55
111,117,13.25
111,118,16.95
111,119,17.70
111,120,19.19
112,35,17.44
112,36,14.13
112,37,12.88
112,38,10.87
112,39,7.39
112,40,8.64
112,41,7.25
112,42,7.40
112,43,10.70
112,44,12.70
112,45,9.98
112,46,9.34
112,47,13.98
112,48,14.81
112,49,12.52
112,50,14.95
112,51,18.44
112,52,18.12
112,53,17.52
112,92,17.67
112,93,16.16
112,94,17.27
112,95,14.77
112,96,11.65
112,97,12.89
112,98,13.24
112,99,9.09
112,100,8.05
112,101,11.46
112,102,10.61
112,103,6.09
112,104,9.05
112,105,11.97
112,106,10.40
112,107,12.05
112,108,12.73
112,109,10.52
112,110,8.22
112,111,5.41
112,112,2.16
112,113,5.55
112,114,7.20
112,115,6.23
112,116,10.53
112,117,10.12
112,118,13.59
112,119,14.42
112,120,16.27
113,32,19.75
113,33,19.61
113,34,18.52
113,35,16.42
113,36,12.95
113,37,12.23
113,38,11.50
113,39,8.24
113,40,9.73
113,41,10.41
113,42,9.88
113,43,14.14
113,44,14.95
113,45,11.61
113,46,12.81
113,47,16.91
113,48,16.66
113,49,14.76
113,50,18.16
113,52,19.94
113,92,18.12
113,93,17.67
113,94,18.86
113,95,15.33
113,96,12.75
113,97,15.60
113,98,14.98
113,99,10.27
113,100,11.12
113,101,14.74
113,102,12.83
113,103,9.04
113,104,13.09
113,105,15.38
113,106,12.90
113,107,13.84
113,108,13.42
113,109,10.48
113,110,9.40
113,111,5.36
113,112,5.55
113,113,2.16
113,114,5.46
113,115,7.24
113,116,9.70
113,117,9.79
113,118,13.87
113,119,14.58
113,120,16.16
114,35,19.67
114,36,16.62
114,37,15.98
114,38,15.11
114,39,11.53
114,40,12.78
114,41,12.06
114,42,10.75
114,43,14.83
114,44,15.20
114,45,10.98
114,46,12.18
114,47,16.36
114,48,15.39
114,49,12.63
114,50,16.52
114,51,19.28
114,52,17.28
114,53,17.33
114,90,19.73
114,91,17.44
114,92,15.02
114,93,14.83
114,94,15.77
114,95,11.89
114,96,10.54
114,97,13.20
114,98,12.15
114,99,7.85
114,100,10.06
114,101,13.01
114,102,11.08
114,103,8.74
114,104,12.98
114,105,14.72
114,106,13.23
114,107,13.09
114,108,13.34
114,109,9.98
114,110,8.26
114,111,6.51
114,112,7.20
114,113,5.46
114,114,2.16
114,115,5.48
114,116,8.29
114,117,10.50
114,118,13.76
114,119,15.45
114,120,17.30
115,36,17.70
115,37,16.38
115,38,14.87
115,39,11.20
115,40,10.88
115,41,9.62
115,42,7.25
115,43,10.91
115,44,10.79
115,45,7.25
115,46,8.35
115,47,12.13
115,48,11.05
115,49,9.28
115,50,12.70
115,51,15.28
115,52,14.14
115,53,14.55
115,54,18.16
115,55,19.31
115,56,19.34
115,57,19.91
115,89,18.66
115,90,18.14
115,91,16.77
115,92,13.19
115,93,12.59
115,94,14.54
115,95,11.66
115,96,8.46
115,97,10.88
115,98,12.02
115,99,8.05
115,100,7.68
115,101,12.06
115,102,11.98
115,103,8.93
115,104,11.73
115,105,14.91
115,106,14.17
115,107,14.92
115,108,15.98
115,109,12.96
115,110,10.39
115,111,8.61
115,112,6.23
115,113,7.24
115,114,5.48
115,115,2.16
115,116,5.64
115,117,7.18
115,118,9.75
115,119,11.91
115,120,14.07
116,36,19.39
116,37,18.23
116,38,17.45
116,39,13.98
116,40,12.90
116,41,12.51
116,42,8.87
116,43,12.78
116,44,10.69
116,45,7.32
116,46,11.02
116,47,13.11
116,48,10.47
116,49,10.34
116,50,14.73
116,51,15.61
116,52,13.98
116,53,16.06
116,54,19.03
116,55,19.14
116,56,19.34
116,88,19.16
116,89,17.91
116,90,18.41
116,91,16.34
116,92,12.20
116,93,12.72
116,94,15.83
116,95,12.20
116,96,9.91
116,97,13.35
116,98,14.81
116,99,11.22
116,100,11.45
116,101,16.06
116,102,16.20
116,103,13.31
116,104,16.36
116,105,19.59
116,106,18.92
116,107,19.09
116,108,19.72
116,109,16.92
116,110,14.55
116,111,12.55
116,112,10.53
116,113,9.70
116,114,8.29
116,115,5.64
116,116,2.16
116,117,5.64
116,118,6.91
116,119,9.74
116,120,11.58
117,36,17.91
117,37,15.85
117,38,14.96
117,39,11.88
117,40,9.70
117,41,10.32
117,42,6.66
117,43,10.39
117,44,8.33
117,45,6.88
117,46,10.67
117,47,12.27
117,48,11.03
117,49,12.03
117,50,15.34
117,51,16.20
117,52,16.02
117,53,18.09
117,91,19.69
117,92,15.52
117,93,15.49
117,94,18.77
117,95,15.80
117,96,12.00
117,97,15.47
117,98,17.59
117,99,13.56
117,100,12.62
117,101,17.48
117,102,17.89
117,103,14.07
117,104,16.52
117,106,19.33
117,109,18.28
117,110,16.00
117,111,13.25
117,112,10.12
117,113,9.79
117,114,10.50
117,115,7.18
117,116,5.64
117,117,2.16
117,118,5.59
117,119,6.51
117,120,8.35
118,37,19.56
118,38,18.89
118,39,15.93
118,40,13.24
118,41,13.32
118,42,8.98
118,43,11.31
118,44,7.81
118,45,7.20
118,46,11.40
118,47,11.20
118,48,9.20
118,49,11.56
118,50,14.60
118,51,14.09
118,52,14.02
118,53,16.91
118,54,18.66
118,55,18.23
118,56,19.66
118,89,18.03
118,90,19.66
118,91,18.66
118,92,14.15
118,93,14.41
118,94,18.25
118,95,15.95
118,96,12.15
118,97,15.57
118,98,18.41
118,99,15.48
118,100,14.16
118,101,18.84
118,103,16.70
118,104,18.67
118,110,19.09
118,111,16.95
118,112,13.59
118,113,13.87
118,114,13.76
118,115,9.75
118,116,6.91
118,117,5.59
118,118,2.16
118,119,5.57
118,120,7.64
119,37,18.12
119,38,17.45
119,39,15.15
119,40,12.08
119,41,13.11
119,42,9.51
119,43,11.27
119,44,8.77
119,45,9.55
119,46,13.06
119,47,12.80
119,48,11.81
119,49,14.52
119,50,16.91
119,51,16.62
119,52,17.30
119,53,19.83
119,92,17.61
119,93,17.73
119,95,19.12
119,96,15.23
119,97,18.30
119,99,17.78
119,100,16.14
119,103,18.08
119,104,19.44
119,111,17.70
119,112,14.42
119,113,14.58
119,114,15.45
119,115,11.91
119,116,9.74
119,117,6.51
119,118,5.57
119,119,2.16
119,120,5.46
120,37,18.47
120,38,18.38
120,39,16.64
120,40,13.51
120,41,15.09
120,42,11.82
120,43,13.54
120,44,10.66
120,45,11.88
120,46,15.40
120,47,14.85
120,48,14.04
120,49,16.88
120,50,19.17
120,51,18.58
120,52,19.16
120,92,19.42
120,93,19.72
120,96,17.36
120,99,19.72
120,100,18.53
120,103,19.84
120,111,19.19
120,112,16.27
120,113,16.16
120,114,17.30
120,115,14.07
120,116,11.58
120,117,8.35
120,118,7.64
120,119,5.46
120,120,2.16
